CustomerID,Age,Gender,Tenure,MonthlyCharges,ContractType,TotalCharges,TechSupport,Churn
626,39,Male,24,66.02,One-Year,1584.48,No,Yes
404,45,Female,29,53.89,Two-Year,1562.81,Yes,No
404,45,Female,29,53.89,Two-Year,1562.81,Yes,No
709,24,Male,16,43.43,Two-Year,694.88,Yes,No
595,55,Male,8,97.72,Month-to-Month,781.76,No,Yes
496,50,Female,79,36.05,Two-Year,2847.95,Yes,No
558,40,Female,50,114.46,Month-to-Month,5723.0,No,Yes
537,36,Female,2,104.13,One-Year,208.26,No,Yes
438,31,Male,63,75.14,Two-Year,4733.82,Yes,No
43,43,Male,2,83.74,Month-to-Month,167.48,No,Yes
767,44,Female,18,98.88,One-Year,1779.84,Yes,No
335,54,Female,20,97.52,Month-to-Month,1950.4,No,Yes
140,32,Male,9,65.03,Month-to-Month,585.27,No,Yes
9,40,Female,53,49.81,Two-Year,2639.9300000000003,Yes,No
145,47,Female,16,60.77,Two-Year,972.32,Yes,No
889,50,Female,14,41.99,One-Year,587.86,Yes,No
220,45,Male,52,114.42,Month-to-Month,5949.84,No,Yes
570,41,Female,17,61.94,One-Year,1052.98,Yes,No
906,45,Male,13,47.66,Two-Year,619.5799999999999,Yes,No
485,37,Male,1,65.96,Month-to-Month,65.96,Yes,Yes
985,44,Male,12,44.64,Two-Year,535.6800000000001,No,Yes
564,41,Female,3,105.03,Two-Year,315.09000000000003,Yes,Yes
381,36,Male,9,45.61,Month-to-Month,410.49,Yes,Yes
758,46,Female,6,80.06,Month-to-Month,480.36,Yes,Yes
424,54,Male,0,53.49,Two-Year,0.0,Yes,Yes
169,42,Female,19,46.14,One-Year,876.66,No,Yes
560,40,Male,14,36.91,Month-to-Month,516.74,No,Yes
760,52,Female,69,31.46,One-Year,2170.74,Yes,No
514,35,Male,25,34.75,Two-Year,868.75,Yes,No
935,49,Female,14,93.16,One-Year,1304.24,Yes,No
185,42,Female,6,43.83,Month-to-Month,262.98,No,Yes
448,35,Male,3,35.0,Two-Year,105.0,No,Yes
473,29,Male,13,44.8,One-Year,582.4,No,Yes
141,47,Male,9,50.6,Month-to-Month,455.4,Yes,Yes
54,51,Male,0,51.74,One-Year,0.0,No,Yes
924,37,Male,26,52.71,Month-to-Month,1370.46,No,Yes
767,44,Female,18,98.88,One-Year,1779.84,Yes,No
832,35,Male,1,115.13,Month-to-Month,115.13,Yes,Yes
947,29,Female,15,98.06,One-Year,1470.9,Yes,No
306,46,Male,1,81.38,One-Year,81.38,Yes,Yes
314,53,Female,1,117.29,Month-to-Month,117.29,Yes,Yes
489,61,Female,38,102.09,Month-to-Month,3879.42,No,Yes
681,52,Male,36,63.72,Month-to-Month,2293.92,No,Yes
53,38,Female,18,58.24,Two-Year,1048.32,Yes,No
506,40,Female,47,114.45,Month-to-Month,5379.150000000001,Yes,Yes
186,52,Male,41,81.53,Month-to-Month,3342.73,Yes,Yes
831,31,Female,22,91.17,One-Year,2005.74,Yes,No
66,58,Male,10,54.48,One-Year,544.8,Yes,Yes
134,49,Female,43,82.82,One-Year,3561.26,No,Yes
790,28,Female,22,35.39,One-Year,778.58,Yes,No
419,56,Male,0,119.11,One-Year,0.0,No,Yes
643,42,Female,60,45.38,One-Year,2722.8,Yes,No
418,46,Male,9,86.04,One-Year,774.36,No,Yes
804,40,Male,11,32.51,Month-to-Month,357.61,No,Yes
661,39,Female,26,113.38,Month-to-Month,2947.88,Yes,Yes
40,46,Female,9,97.5,Month-to-Month,877.5,No,Yes
894,56,Female,31,93.06,Month-to-Month,2884.86,Yes,Yes
225,40,Male,23,50.64,Two-Year,1164.72,No,Yes
934,23,Male,5,47.09,One-Year,235.45,Yes,Yes
25,39,Male,47,79.36,One-Year,3729.92,Yes,No
416,37,Male,14,94.44,Month-to-Month,1322.16,No,Yes
349,37,Male,0,98.45,One-Year,0.0,Yes,Yes
348,30,Female,20,71.97,Month-to-Month,1439.4,No,Yes
708,62,Male,19,43.85,Month-to-Month,833.15,No,Yes
945,63,Female,10,90.81,Two-Year,908.1,No,Yes
658,44,Female,12,42.19,One-Year,506.28,Yes,No
633,43,Female,28,91.92,One-Year,2573.76,Yes,No
696,41,Male,32,49.0,One-Year,1568.0,Yes,No
387,48,Female,0,99.55,Two-Year,0.0,No,Yes
764,44,Female,60,119.28,Month-to-Month,7156.8,No,Yes
650,51,Female,2,31.49,Two-Year,62.98,No,Yes
204,55,Female,10,96.37,Month-to-Month,963.7,No,Yes
689,52,Male,15,103.56,One-Year,1553.4,No,Yes
779,44,Female,18,91.43,Two-Year,1645.7400000000002,Yes,No
715,44,Male,15,33.12,Month-to-Month,496.8,No,Yes
88,48,Male,11,53.36,One-Year,586.96,Yes,Yes
779,44,Female,18,91.43,Two-Year,1645.7400000000002,Yes,No
334,38,Male,9,86.46,One-Year,778.14,Yes,Yes
173,44,Female,12,105.36,Two-Year,1264.32,No,Yes
407,34,Male,2,58.58,One-Year,117.16,Yes,Yes
184,49,Male,31,66.17,One-Year,2051.27,Yes,No
674,41,Male,13,65.79,Month-to-Month,855.2700000000001,No,Yes
528,45,Female,5,59.54,Month-to-Month,297.7,No,Yes
406,51,Male,74,91.06,Month-to-Month,6738.4400000000005,No,Yes
304,51,Female,2,89.55,Month-to-Month,179.1,No,Yes
589,53,Male,1,109.76,Month-to-Month,109.76,No,Yes
38,25,Female,23,47.55,One-Year,1093.65,Yes,No
87,54,Female,49,32.8,One-Year,1607.1999999999998,Yes,No
109,47,Female,22,97.34,Two-Year,2141.48,Yes,No
75,18,Female,21,49.68,Month-to-Month,1043.28,Yes,Yes
800,45,Female,22,71.88,Month-to-Month,1581.36,No,Yes
320,43,Female,2,37.83,Month-to-Month,75.66,No,Yes
48,55,Female,8,44.08,Two-Year,352.64,No,Yes
511,47,Female,28,68.81,Month-to-Month,1926.68,No,Yes
30,42,Male,62,97.66,Two-Year,6054.92,Yes,No
270,46,Male,6,95.25,Two-Year,571.5,Yes,Yes
393,31,Female,13,35.95,One-Year,467.35,Yes,No
990,45,Male,1,83.57,One-Year,83.57,Yes,Yes
599,40,Female,3,95.83,Month-to-Month,287.49,Yes,Yes
652,56,Male,14,84.22,One-Year,1179.08,Yes,No
38,25,Female,23,47.55,One-Year,1093.65,Yes,No
130,39,Female,46,85.76,Month-to-Month,3944.96,Yes,Yes
633,43,Female,28,91.92,One-Year,2573.76,Yes,No
505,38,Female,31,56.67,Month-to-Month,1756.77,Yes,Yes
212,56,Female,11,71.85,Month-to-Month,790.3499999999999,No,Yes
336,43,Male,24,43.68,Month-to-Month,1048.32,Yes,Yes
195,46,Male,6,37.61,Month-to-Month,225.66,Yes,Yes
157,63,Female,16,90.98,Two-Year,1455.68,Yes,No
747,46,Female,2,72.09,Month-to-Month,144.18,Yes,Yes
12,40,Female,19,36.18,One-Year,687.42,Yes,No
859,39,Male,11,52.9,One-Year,581.9,Yes,Yes
883,40,Female,33,59.42,One-Year,1960.86,Yes,No
128,39,Male,12,33.5,One-Year,402.0,Yes,No
361,50,Female,34,60.64,Two-Year,2061.76,Yes,No
159,33,Male,17,114.75,Two-Year,1950.75,No,Yes
215,41,Female,1,60.18,Month-to-Month,60.18,Yes,Yes
714,48,Female,1,35.1,Month-to-Month,35.1,Yes,Yes
373,59,Male,26,32.25,One-Year,838.5,Yes,No
372,49,Female,21,44.46,Two-Year,933.66,No,Yes
268,30,Male,1,67.67,Month-to-Month,67.67,Yes,Yes
343,47,Female,60,56.23,One-Year,3373.8,Yes,No
174,48,Female,15,45.28,Two-Year,679.2,No,Yes
496,50,Female,79,36.05,Two-Year,2847.95,Yes,No
479,75,Female,15,89.28,Month-to-Month,1339.2,Yes,Yes
74,60,Male,26,92.52,Month-to-Month,2405.52,No,Yes
841,44,Male,27,95.59,One-Year,2580.9300000000003,No,Yes
971,46,Female,12,88.34,Month-to-Month,1060.08,No,Yes
991,47,Female,9,108.47,Two-Year,976.23,No,Yes
250,49,Female,13,43.94,Two-Year,571.22,Yes,No
276,49,Male,47,78.42,One-Year,3685.74,Yes,No
668,60,Male,76,82.49,One-Year,6269.24,No,Yes
261,35,Female,14,54.63,One-Year,764.82,Yes,No
352,59,Female,13,68.7,Month-to-Month,893.1,No,Yes
555,48,Male,21,67.59,Two-Year,1419.39,Yes,No
175,47,Female,5,31.72,Two-Year,158.6,Yes,Yes
219,40,Male,19,106.73,One-Year,2027.87,Yes,Yes
353,53,Female,11,83.72,Two-Year,920.92,Yes,Yes
807,47,Male,49,79.33,One-Year,3887.17,No,Yes
259,49,Male,1,42.97,Month-to-Month,42.97,No,Yes
468,52,Female,11,55.92,Month-to-Month,615.12,Yes,Yes
337,36,Female,0,71.25,Two-Year,0.0,Yes,Yes
69,48,Female,17,114.52,Month-to-Month,1946.84,Yes,Yes
776,29,Female,18,90.88,One-Year,1635.84,Yes,No
345,40,Female,7,51.43,Two-Year,360.01,No,Yes
200,33,Female,13,49.01,One-Year,637.13,Yes,No
662,39,Male,39,67.77,One-Year,2643.03,Yes,No
704,30,Male,41,44.52,One-Year,1825.32,Yes,No
516,52,Female,20,71.21,Two-Year,1424.1999999999998,No,Yes
87,54,Female,49,32.8,One-Year,1607.1999999999998,Yes,No
659,46,Female,50,50.83,Month-to-Month,2541.5,No,Yes
321,45,Female,8,80.11,Two-Year,640.88,No,Yes
540,39,Female,50,57.3,Month-to-Month,2865.0,Yes,Yes
746,37,Female,70,56.05,One-Year,3923.5,Yes,No
319,48,Male,7,63.07,Month-to-Month,441.49,Yes,Yes
555,48,Male,21,67.59,Two-Year,1419.39,Yes,No
164,36,Female,10,88.38,One-Year,883.8,No,Yes
820,55,Male,41,60.69,One-Year,2488.29,No,Yes
514,35,Male,25,34.75,Two-Year,868.75,Yes,No
530,35,Female,37,37.62,Month-to-Month,1391.9399999999998,No,Yes
594,48,Female,36,66.29,One-Year,2386.44,Yes,No
755,35,Male,4,114.1,Month-to-Month,456.4,No,Yes
746,37,Female,70,56.05,One-Year,3923.5,Yes,No
499,36,Male,11,32.92,Month-to-Month,362.12,Yes,Yes
883,40,Female,33,59.42,One-Year,1960.86,Yes,No
343,47,Female,60,56.23,One-Year,3373.8,Yes,No
16,39,Female,41,89.11,Two-Year,3653.51,Yes,No
151,47,Female,6,102.4,Month-to-Month,614.4000000000001,No,Yes
325,34,Male,31,90.55,Two-Year,2807.05,Yes,No
64,33,Female,3,89.36,Month-to-Month,268.08,Yes,Yes
33,44,Female,20,42.63,Month-to-Month,852.6,Yes,Yes
578,52,Female,10,104.46,Month-to-Month,1044.6,No,Yes
222,26,Female,12,64.7,Two-Year,776.4000000000001,No,Yes
405,40,Female,14,85.03,Month-to-Month,1190.42,Yes,Yes
496,50,Female,79,36.05,Two-Year,2847.95,Yes,No
647,18,Female,7,37.57,Two-Year,262.99,Yes,Yes
933,30,Male,2,71.96,Month-to-Month,143.92,No,Yes
232,47,Male,63,98.34,Two-Year,6195.42,No,Yes
907,31,Male,4,41.3,One-Year,165.2,No,Yes
365,51,Female,12,75.89,One-Year,910.68,Yes,No
520,52,Female,29,81.99,Two-Year,2377.71,Yes,No
351,48,Male,62,73.85,One-Year,4578.7,No,Yes
393,31,Female,13,35.95,One-Year,467.35,Yes,No
203,55,Male,78,47.7,Month-to-Month,3720.6,Yes,Yes
679,54,Male,9,54.43,Month-to-Month,489.87,Yes,Yes
340,39,Male,21,73.75,Two-Year,1548.75,Yes,No
41,52,Male,12,111.74,One-Year,1340.88,Yes,Yes
131,29,Male,2,80.71,Month-to-Month,161.42,No,Yes
616,46,Female,0,54.48,One-Year,0.0,No,Yes
964,52,Male,45,66.06,Two-Year,2972.7000000000003,Yes,No
852,39,Male,21,66.18,Two-Year,1389.7800000000002,Yes,No
128,39,Male,12,33.5,One-Year,402.0,Yes,No
325,34,Male,31,90.55,Two-Year,2807.05,Yes,No
509,45,Male,14,53.37,Two-Year,747.18,Yes,No
467,51,Male,19,77.83,One-Year,1478.77,No,Yes
585,46,Female,8,75.22,Month-to-Month,601.76,No,Yes
678,62,Female,26,93.85,One-Year,2440.1,No,Yes
15,27,Male,14,95.05,Month-to-Month,1330.7,Yes,Yes
915,44,Female,3,39.49,Two-Year,118.47,Yes,Yes
350,42,Female,8,43.9,One-Year,351.2,Yes,Yes
484,47,Female,4,110.85,Month-to-Month,443.4,Yes,Yes
32,63,Female,0,76.62,Two-Year,0.0,Yes,Yes
293,39,Male,5,41.34,One-Year,206.7,No,Yes
514,35,Male,25,34.75,Two-Year,868.75,Yes,No
61,40,Female,46,92.65,Month-to-Month,4261.900000000001,Yes,Yes
384,39,Female,14,65.29,One-Year,914.06,Yes,No
119,56,Female,14,100.54,Month-to-Month,1407.5600000000002,Yes,Yes
34,34,Female,1,90.4,Two-Year,90.4,Yes,Yes
12,40,Female,19,36.18,One-Year,687.42,Yes,No
591,45,Male,14,112.48,Month-to-Month,1574.72,Yes,Yes
229,37,Female,32,45.07,Two-Year,1442.24,Yes,No
904,57,Male,9,85.54,Month-to-Month,769.86,No,Yes
248,38,Male,19,60.84,Month-to-Month,1155.96,No,Yes
9,40,Female,53,49.81,Two-Year,2639.9300000000003,Yes,No
109,47,Female,22,97.34,Two-Year,2141.48,Yes,No
594,48,Female,36,66.29,One-Year,2386.44,Yes,No
513,42,Male,12,34.53,Month-to-Month,414.36,Yes,Yes
978,20,Female,15,72.97,One-Year,1094.55,Yes,No
752,31,Female,8,80.78,One-Year,646.24,Yes,Yes
300,51,Female,29,88.03,One-Year,2552.87,Yes,No
611,51,Female,72,76.27,Two-Year,5491.44,Yes,No
470,39,Male,63,56.99,Two-Year,3590.3700000000003,No,Yes
19,35,Male,98,49.59,Two-Year,4859.820000000001,Yes,No
776,29,Female,18,90.88,One-Year,1635.84,Yes,No
379,66,Female,44,84.75,Month-to-Month,3729.0,No,Yes
261,35,Female,14,54.63,One-Year,764.82,Yes,No
817,47,Male,25,36.25,One-Year,906.25,No,Yes
787,53,Male,4,86.28,Two-Year,345.12,Yes,Yes
89,39,Female,7,33.03,Two-Year,231.21,Yes,Yes
462,45,Female,44,60.79,One-Year,2674.76,Yes,No
682,33,Male,0,79.49,Month-to-Month,0.0,No,Yes
677,33,Male,30,54.77,One-Year,1643.1,No,Yes
58,41,Female,41,75.64,Two-Year,3101.24,Yes,No
836,47,Male,34,49.61,One-Year,1686.74,No,Yes
536,45,Female,21,102.76,One-Year,2157.96,Yes,Yes
84,39,Female,32,92.91,One-Year,2973.12,No,Yes
629,45,Female,9,119.13,Month-to-Month,1072.17,Yes,Yes
778,42,Female,6,84.28,Month-to-Month,505.68,Yes,Yes
166,49,Female,42,44.06,One-Year,1850.52,Yes,No
803,45,Female,0,53.27,Month-to-Month,0.0,Yes,Yes
208,50,Male,62,32.7,Month-to-Month,2027.4,Yes,Yes
750,30,Female,24,68.47,One-Year,1643.28,No,Yes
440,44,Female,30,72.39,Month-to-Month,2171.7,Yes,Yes
457,43,Male,6,58.25,One-Year,349.5,Yes,Yes
58,41,Female,41,75.64,Two-Year,3101.24,Yes,No
70,38,Male,0,87.27,One-Year,0.0,No,Yes
718,46,Male,8,47.41,One-Year,379.28,Yes,Yes
82,48,Female,31,46.9,Two-Year,1453.9,No,Yes
600,48,Female,41,104.2,Month-to-Month,4272.2,No,Yes
846,49,Female,50,42.11,Month-to-Month,2105.5,Yes,Yes
7,60,Male,14,80.32,One-Year,1124.48,No,Yes
237,24,Female,6,59.36,Month-to-Month,356.16,No,Yes
12,40,Female,19,36.18,One-Year,687.42,Yes,No
284,32,Female,20,74.33,One-Year,1486.6,Yes,No
652,56,Male,14,84.22,One-Year,1179.08,Yes,No
563,53,Female,0,66.29,Two-Year,0.0,No,Yes
23,45,Male,10,102.4,Month-to-Month,1024.0,Yes,Yes
994,38,Male,4,102.27,One-Year,409.08,No,Yes
947,29,Female,15,98.06,One-Year,1470.9,Yes,No
853,38,Female,30,95.6,One-Year,2868.0,Yes,No
871,43,Female,52,51.63,Month-to-Month,2684.76,No,Yes
289,47,Female,17,66.61,One-Year,1132.37,Yes,No
913,47,Male,11,37.74,Two-Year,415.14,Yes,Yes
892,50,Female,8,82.06,Month-to-Month,656.48,Yes,Yes
374,54,Female,7,70.41,One-Year,492.87,No,Yes
107,63,Male,10,119.9,Month-to-Month,1199.0,No,Yes
514,35,Male,25,34.75,Two-Year,868.75,Yes,No
594,48,Female,36,66.29,One-Year,2386.44,Yes,No
202,50,Male,40,109.75,Month-to-Month,4390.0,No,Yes
744,45,Male,14,82.0,Two-Year,1148.0,No,Yes
685,32,Male,11,104.91,Two-Year,1154.01,Yes,Yes
899,57,Male,8,85.73,Month-to-Month,685.84,No,Yes
676,37,Female,3,78.98,Two-Year,236.94,Yes,Yes
384,39,Female,14,65.29,One-Year,914.06,Yes,No
612,44,Male,5,57.76,Month-to-Month,288.8,No,Yes
199,45,Female,14,89.31,One-Year,1250.34,No,Yes
471,42,Female,15,83.65,Two-Year,1254.75,No,Yes
488,34,Female,31,104.39,Month-to-Month,3236.09,Yes,Yes
461,64,Female,12,46.62,Month-to-Month,559.4399999999999,No,Yes
378,46,Female,4,40.04,Month-to-Month,160.16,Yes,Yes
519,45,Male,16,52.76,One-Year,844.16,Yes,No
183,34,Female,2,73.96,One-Year,147.92,No,Yes
611,51,Female,72,76.27,Two-Year,5491.44,Yes,No
494,36,Female,105,118.25,Month-to-Month,12416.25,Yes,Yes
727,45,Female,23,90.51,Two-Year,2081.73,No,Yes
264,34,Female,13,71.36,Two-Year,927.68,No,Yes
760,52,Female,69,31.46,One-Year,2170.74,Yes,No
104,36,Female,20,81.9,Month-to-Month,1638.0,No,Yes
598,35,Male,21,68.56,Month-to-Month,1439.76,Yes,Yes
452,54,Male,3,67.01,Month-to-Month,201.03000000000003,No,Yes
611,51,Female,72,76.27,Two-Year,5491.44,Yes,No
53,38,Female,18,58.24,Two-Year,1048.32,Yes,No
27,33,Female,18,98.99,One-Year,1781.82,Yes,No
868,48,Female,13,64.2,Month-to-Month,834.6,Yes,Yes
627,35,Female,33,100.5,One-Year,3316.5,Yes,Yes
922,34,Male,0,74.83,One-Year,0.0,No,Yes
309,50,Male,0,49.68,One-Year,0.0,Yes,Yes
421,65,Male,20,60.6,One-Year,1212.0,Yes,No
618,52,Male,68,118.05,Month-to-Month,8027.4,Yes,Yes
346,47,Female,2,111.76,Month-to-Month,223.52,No,Yes
269,40,Female,10,71.26,Month-to-Month,712.6,No,Yes
206,35,Male,28,102.24,One-Year,2862.72,Yes,Yes
142,58,Female,8,83.72,One-Year,669.76,No,Yes
123,59,Male,0,50.88,Month-to-Month,0.0,No,Yes
210,83,Male,2,86.04,Month-to-Month,172.08,No,Yes
711,47,Male,47,62.5,One-Year,2937.5,Yes,No
831,31,Female,22,91.17,One-Year,2005.74,Yes,No
432,24,Female,5,38.31,Two-Year,191.55,Yes,Yes
969,44,Female,31,89.37,Two-Year,2770.4700000000003,No,Yes
553,56,Female,16,94.33,One-Year,1509.28,Yes,No
788,49,Female,17,97.24,Month-to-Month,1653.08,Yes,Yes
257,57,Female,33,82.26,Month-to-Month,2714.5800000000004,No,Yes
330,51,Female,66,53.69,One-Year,3543.54,No,Yes
864,62,Female,6,80.92,Month-to-Month,485.52,No,Yes
184,49,Male,31,66.17,One-Year,2051.27,Yes,No
453,35,Female,33,66.22,Month-to-Month,2185.26,No,Yes
133,34,Female,7,107.8,Month-to-Month,754.6,Yes,Yes
398,58,Male,12,51.1,One-Year,613.2,No,Yes
567,24,Male,60,63.61,Month-to-Month,3816.6,No,Yes
284,32,Female,20,74.33,One-Year,1486.6,Yes,No
748,37,Male,10,85.75,One-Year,857.5,Yes,Yes
155,47,Female,6,70.93,Month-to-Month,425.58,No,Yes
464,47,Female,1,104.79,Two-Year,104.79,Yes,Yes
52,41,Male,8,48.2,One-Year,385.6,No,Yes
167,53,Male,19,87.23,Two-Year,1657.37,No,Yes
38,25,Female,23,47.55,One-Year,1093.65,Yes,No
507,39,Male,57,103.69,Two-Year,5910.33,Yes,Yes
815,55,Male,20,80.75,Two-Year,1615.0,No,Yes
303,52,Male,6,63.5,Month-to-Month,381.0,No,Yes
19,35,Male,98,49.59,Two-Year,4859.820000000001,Yes,No
995,34,Female,1,78.63,Month-to-Month,78.63,No,Yes
16,39,Female,41,89.11,Two-Year,3653.51,Yes,No
396,40,Female,18,77.23,Month-to-Month,1390.14,Yes,Yes
918,46,Female,23,51.04,One-Year,1173.92,Yes,No
729,39,Male,1,90.58,Two-Year,90.58,Yes,Yes
56,54,Female,48,68.24,One-Year,3275.5199999999995,No,Yes
921,55,Female,3,33.74,Month-to-Month,101.22,Yes,Yes
27,33,Female,18,98.99,One-Year,1781.82,Yes,No
673,41,Male,58,82.95,Two-Year,4811.1,No,Yes
883,40,Female,33,59.42,One-Year,1960.86,Yes,No
22,42,Female,10,30.48,Month-to-Month,304.8,No,Yes
648,44,Female,25,65.38,Month-to-Month,1634.5,No,Yes
285,66,Male,2,73.49,Two-Year,146.98,No,Yes
135,35,Male,18,82.29,One-Year,1481.22,No,Yes
656,45,Male,23,105.15,Month-to-Month,2418.4500000000003,Yes,Yes
722,27,Female,10,110.61,Month-to-Month,1106.1,Yes,Yes
827,60,Female,1,92.8,Month-to-Month,92.8,Yes,Yes
178,59,Male,25,92.97,Month-to-Month,2324.25,No,Yes
947,29,Female,15,98.06,One-Year,1470.9,Yes,No
198,46,Male,9,109.46,One-Year,985.14,Yes,Yes
297,53,Male,16,81.1,One-Year,1297.6,Yes,No
96,30,Male,3,110.81,One-Year,332.43,Yes,Yes
976,26,Male,0,115.91,Month-to-Month,0.0,No,Yes
487,38,Male,79,30.97,One-Year,2446.63,Yes,No
101,30,Male,3,104.29,Month-to-Month,312.87,Yes,Yes
369,45,Female,18,79.6,Two-Year,1432.8,No,Yes
890,56,Female,15,86.92,Two-Year,1303.8,No,Yes
936,39,Male,18,80.08,Month-to-Month,1441.44,No,Yes
655,70,Male,35,32.13,Month-to-Month,1124.5500000000002,No,Yes
98,47,Female,3,59.28,Month-to-Month,177.84,Yes,Yes
902,41,Female,41,55.61,Month-to-Month,2280.01,No,Yes
809,57,Female,5,56.63,Month-to-Month,283.15000000000003,Yes,Yes
855,59,Male,19,40.64,Month-to-Month,772.16,No,Yes
688,41,Female,33,50.35,Two-Year,1661.55,No,Yes
143,28,Male,15,113.54,Two-Year,1703.1,Yes,Yes
572,61,Male,28,90.82,Month-to-Month,2542.96,Yes,Yes
292,40,Male,22,98.62,Month-to-Month,2169.6400000000003,Yes,Yes
344,39,Female,24,48.68,Two-Year,1168.32,Yes,No
437,61,Female,1,70.2,One-Year,70.2,No,Yes
619,49,Male,5,116.92,Month-to-Month,584.6,Yes,Yes
957,48,Female,18,60.54,One-Year,1089.72,Yes,No
771,52,Male,0,41.34,Month-to-Month,0.0,Yes,Yes
377,53,Female,24,95.21,One-Year,2285.04,Yes,No
946,34,Male,11,65.63,Month-to-Month,721.93,No,Yes
446,51,Female,5,103.57,Month-to-Month,517.8499999999999,Yes,Yes
386,46,Female,36,41.29,Month-to-Month,1486.44,Yes,Yes
343,47,Female,60,56.23,One-Year,3373.8,Yes,No
301,36,Male,6,50.68,One-Year,304.08,Yes,Yes
241,37,Male,26,53.08,Month-to-Month,1380.08,Yes,Yes
947,29,Female,15,98.06,One-Year,1470.9,Yes,No
521,28,Male,13,62.33,Two-Year,810.29,Yes,No
896,51,Female,49,108.56,One-Year,5319.4400000000005,Yes,Yes
492,59,Female,4,71.76,Two-Year,287.04,No,Yes
893,55,Female,35,92.41,Two-Year,3234.35,Yes,No
94,41,Male,23,90.02,Month-to-Month,2070.46,No,Yes
584,67,Female,4,50.82,Two-Year,203.28,Yes,Yes
790,28,Female,22,35.39,One-Year,778.58,Yes,No
793,47,Female,17,106.45,One-Year,1809.65,No,Yes
305,44,Male,19,42.71,Month-to-Month,811.49,Yes,Yes
947,29,Female,15,98.06,One-Year,1470.9,Yes,No
521,28,Male,13,62.33,Two-Year,810.29,Yes,No
705,29,Male,22,81.48,Month-to-Month,1792.5600000000002,Yes,Yes
91,45,Female,9,51.91,Two-Year,467.19,Yes,Yes
361,50,Female,34,60.64,Two-Year,2061.76,Yes,No
556,40,Female,5,40.47,Month-to-Month,202.35,No,Yes
754,55,Male,6,48.14,One-Year,288.84000000000003,No,Yes
605,49,Female,2,68.82,Month-to-Month,137.64,Yes,Yes
31,38,Male,34,102.27,Month-to-Month,3477.18,No,Yes
332,36,Female,23,108.36,One-Year,2492.28,Yes,Yes
514,35,Male,25,34.75,Two-Year,868.75,Yes,No
261,35,Female,14,54.63,One-Year,764.82,Yes,No
81,42,Male,7,98.48,Month-to-Month,689.36,No,Yes
426,58,Male,30,105.11,Month-to-Month,3153.3,Yes,Yes
132,45,Female,62,86.22,Month-to-Month,5345.64,No,Yes
607,37,Female,0,112.36,Month-to-Month,0.0,Yes,Yes
302,39,Male,13,79.74,Month-to-Month,1036.62,Yes,Yes
514,35,Male,25,34.75,Two-Year,868.75,Yes,No
157,63,Female,16,90.98,Two-Year,1455.68,Yes,No
710,61,Female,35,54.14,Month-to-Month,1894.9,No,Yes
412,33,Male,6,54.97,Month-to-Month,329.82,Yes,Yes
989,42,Male,12,79.71,Month-to-Month,956.52,Yes,Yes
370,37,Female,6,69.44,One-Year,416.64,No,Yes
404,45,Female,29,53.89,Two-Year,1562.81,Yes,No
30,42,Male,62,97.66,Two-Year,6054.92,Yes,No
501,54,Female,1,77.91,Month-to-Month,77.91,No,Yes
651,63,Male,14,89.55,One-Year,1253.7,Yes,No
146,52,Male,15,77.49,Two-Year,1162.35,Yes,No
462,45,Female,44,60.79,One-Year,2674.76,Yes,No
519,45,Male,16,52.76,One-Year,844.16,Yes,No
814,46,Female,19,81.92,Two-Year,1556.48,No,Yes
979,29,Female,36,84.16,Month-to-Month,3029.76,Yes,Yes
329,51,Male,9,52.47,Two-Year,472.23,No,Yes
951,42,Male,13,52.58,One-Year,683.54,Yes,No
73,44,Male,8,47.18,Month-to-Month,377.44,No,Yes
498,43,Female,6,96.5,Month-to-Month,579.0,No,Yes
313,53,Male,24,113.44,Two-Year,2722.56,No,Yes
14,25,Female,8,71.78,One-Year,574.24,No,Yes
838,35,Female,15,87.03,Month-to-Month,1305.45,Yes,Yes
810,36,Male,11,89.74,Month-to-Month,987.14,Yes,Yes
691,41,Female,1,38.58,One-Year,38.58,Yes,Yes
83,59,Male,11,37.95,Month-to-Month,417.4500000000001,No,Yes
197,36,Male,28,109.29,One-Year,3060.1200000000003,Yes,Yes
389,54,Male,8,90.97,One-Year,727.76,Yes,Yes
120,52,Female,66,80.96,Month-to-Month,5343.36,Yes,Yes
738,54,Female,2,119.33,One-Year,238.66,Yes,Yes
37,47,Male,18,45.29,Month-to-Month,815.22,Yes,Yes
522,50,Female,0,104.12,Two-Year,0.0,No,Yes
949,44,Female,24,67.11,One-Year,1610.64,No,Yes
680,57,Female,0,111.38,Month-to-Month,0.0,No,Yes
16,39,Female,41,89.11,Two-Year,3653.51,Yes,No
649,42,Female,28,39.02,One-Year,1092.5600000000002,No,Yes
497,34,Female,16,83.54,Month-to-Month,1336.64,No,Yes
47,40,Female,1,86.92,Two-Year,86.92,Yes,Yes
300,51,Female,29,88.03,One-Year,2552.87,Yes,No
109,47,Female,22,97.34,Two-Year,2141.48,Yes,No
732,35,Female,20,44.07,Month-to-Month,881.4,No,Yes
574,42,Female,8,36.31,Two-Year,290.48,No,Yes
529,47,Female,7,48.82,One-Year,341.74,Yes,Yes
282,51,Female,18,74.05,Month-to-Month,1332.9,No,Yes
852,39,Male,21,66.18,Two-Year,1389.7800000000002,Yes,No
901,48,Male,56,32.31,One-Year,1809.36,Yes,No
660,43,Female,23,108.16,One-Year,2487.68,Yes,Yes
514,35,Male,25,34.75,Two-Year,868.75,Yes,No
763,70,Female,1,110.09,One-Year,110.09,No,Yes
844,48,Female,1,80.09,Two-Year,80.09,No,Yes
664,39,Female,32,33.55,One-Year,1073.6,No,Yes
376,37,Female,10,34.47,Two-Year,344.7,No,Yes
229,37,Female,32,45.07,Two-Year,1442.24,Yes,No
187,49,Female,57,54.93,One-Year,3131.01,Yes,No
761,39,Male,18,103.65,Month-to-Month,1865.7,No,Yes
394,63,Female,10,31.72,Two-Year,317.2,Yes,Yes
126,66,Female,0,86.14,Two-Year,0.0,Yes,Yes
191,40,Male,13,61.94,Month-to-Month,805.22,No,Yes
478,48,Female,12,95.97,Two-Year,1151.64,No,Yes
546,37,Male,28,32.94,Two-Year,922.32,Yes,No
4,60,Female,8,102.34,One-Year,818.72,Yes,Yes
569,26,Female,11,39.53,Month-to-Month,434.83,No,Yes
783,48,Female,3,99.17,Month-to-Month,297.51,Yes,Yes
108,46,Female,7,59.4,Month-to-Month,415.8,No,Yes
830,42,Female,18,90.87,One-Year,1635.66,No,Yes
617,46,Female,26,30.57,One-Year,794.82,No,Yes
861,47,Male,55,78.63,Month-to-Month,4324.65,No,Yes
882,39,Female,42,103.12,Month-to-Month,4331.04,No,Yes
760,52,Female,69,31.46,One-Year,2170.74,Yes,No
772,39,Male,67,118.12,Month-to-Month,7914.04,Yes,Yes
254,55,Female,1,80.71,One-Year,80.71,Yes,Yes
964,52,Male,45,66.06,Two-Year,2972.7000000000003,Yes,No
709,24,Male,16,43.43,Two-Year,694.88,Yes,No
261,35,Female,14,54.63,One-Year,764.82,Yes,No
235,66,Male,22,55.05,Month-to-Month,1211.1,Yes,Yes
127,35,Male,28,98.61,One-Year,2761.08,No,Yes
515,39,Female,5,92.28,Month-to-Month,461.4,No,Yes
299,53,Female,3,74.07,Month-to-Month,222.21,No,Yes
86,39,Male,38,68.91,Month-to-Month,2618.58,Yes,Yes
451,44,Male,17,89.72,Month-to-Month,1525.24,Yes,Yes
144,46,Female,3,113.62,Month-to-Month,340.86,No,Yes
867,47,Male,7,79.4,Month-to-Month,555.8000000000001,Yes,Yes
939,47,Female,9,31.88,One-Year,286.92,Yes,Yes
328,52,Female,48,108.67,One-Year,5216.16,No,Yes
13,47,Male,2,63.26,Two-Year,126.52,No,Yes
968,63,Male,0,64.85,Month-to-Month,0.0,No,Yes
229,37,Female,32,45.07,Two-Year,1442.24,Yes,No
480,56,Male,11,113.84,Two-Year,1252.24,Yes,Yes
709,24,Male,16,43.43,Two-Year,694.88,Yes,No
596,39,Male,23,77.82,Month-to-Month,1789.86,No,Yes
90,50,Male,17,109.13,One-Year,1855.21,Yes,Yes
493,45,Male,60,40.68,Month-to-Month,2440.8,No,Yes
1,49,Male,4,88.35,Month-to-Month,353.4,Yes,Yes
271,59,Female,5,81.69,Month-to-Month,408.45,Yes,Yes
776,29,Female,18,90.88,One-Year,1635.84,Yes,No
883,40,Female,33,59.42,One-Year,1960.86,Yes,No
265,42,Male,31,57.58,One-Year,1784.98,Yes,No
686,52,Female,5,102.51,Month-to-Month,512.5500000000001,Yes,Yes
463,38,Male,24,68.7,Month-to-Month,1648.8000000000002,No,Yes
853,38,Female,30,95.6,One-Year,2868.0,Yes,No
883,40,Female,33,59.42,One-Year,1960.86,Yes,No
760,52,Female,69,31.46,One-Year,2170.74,Yes,No
901,48,Male,56,32.31,One-Year,1809.36,Yes,No
840,42,Female,19,31.46,Month-to-Month,597.74,No,Yes
166,49,Female,42,44.06,One-Year,1850.52,Yes,No
781,46,Male,58,68.62,One-Year,3979.96,Yes,No
825,40,Female,6,56.4,Month-to-Month,338.4,No,Yes
217,37,Female,11,117.78,Month-to-Month,1295.58,No,Yes
635,34,Female,17,114.47,Month-to-Month,1945.99,Yes,Yes
794,32,Male,5,34.05,Month-to-Month,170.25,Yes,Yes
724,52,Female,30,50.7,Two-Year,1521.0,No,Yes
307,57,Male,27,46.67,Two-Year,1260.09,Yes,No
632,60,Female,83,89.36,Month-to-Month,7416.88,Yes,Yes
415,48,Male,29,30.93,Month-to-Month,896.97,Yes,Yes
843,33,Male,14,89.86,One-Year,1258.04,Yes,No
992,24,Male,32,81.93,Month-to-Month,2621.76,Yes,Yes
414,57,Female,6,116.7,One-Year,700.2,No,Yes
884,55,Female,23,57.52,Two-Year,1322.96,Yes,No
26,46,Male,25,35.98,Two-Year,899.4999999999999,Yes,No
454,50,Male,20,109.61,Two-Year,2192.2,Yes,Yes
634,40,Male,9,40.83,Two-Year,367.47,No,Yes
910,66,Female,36,73.06,Month-to-Month,2630.16,No,Yes
790,28,Female,22,35.39,One-Year,778.58,Yes,No
176,53,Female,66,100.12,Two-Year,6607.92,No,Yes
931,39,Male,5,62.83,One-Year,314.15,No,Yes
986,33,Male,4,96.09,Month-to-Month,384.36,Yes,Yes
972,38,Female,16,35.53,Month-to-Month,568.48,Yes,Yes
380,36,Male,6,55.29,Two-Year,331.74,No,Yes
171,36,Female,10,70.97,Month-to-Month,709.7,No,Yes
160,51,Female,2,45.06,Month-to-Month,90.12,Yes,Yes
109,47,Female,22,97.34,Two-Year,2141.48,Yes,No
745,50,Female,3,107.95,One-Year,323.85,No,Yes
6,42,Female,16,119.75,Two-Year,1916.0,Yes,Yes
427,35,Male,30,114.19,Month-to-Month,3425.7,No,Yes
662,39,Male,39,67.77,One-Year,2643.03,Yes,No
523,38,Female,0,103.86,Two-Year,0.0,No,Yes
317,51,Female,5,63.71,Month-to-Month,318.55,No,Yes
895,58,Male,7,97.81,Month-to-Month,684.6700000000001,Yes,Yes
862,29,Male,1,106.6,One-Year,106.6,No,Yes
116,48,Male,3,41.71,Month-to-Month,125.13,Yes,Yes
456,37,Male,22,111.83,Month-to-Month,2460.26,No,Yes
835,44,Male,32,54.48,One-Year,1743.36,Yes,No
162,52,Female,19,92.18,Month-to-Month,1751.42,Yes,Yes
38,25,Female,23,47.55,One-Year,1093.65,Yes,No
712,44,Female,0,66.76,Two-Year,0.0,Yes,Yes
645,42,Male,6,98.16,Month-to-Month,588.96,No,Yes
364,49,Male,21,111.95,One-Year,2350.9500000000003,Yes,Yes
409,46,Male,29,115.24,Month-to-Month,3341.96,No,Yes
109,47,Female,22,97.34,Two-Year,2141.48,Yes,No
646,42,Male,18,110.82,Month-to-Month,1994.76,No,Yes
239,38,Male,26,50.93,One-Year,1324.18,Yes,No
947,29,Female,15,98.06,One-Year,1470.9,Yes,No
55,55,Female,20,49.34,One-Year,986.8,No,Yes
105,43,Male,8,36.05,Month-to-Month,288.4,Yes,Yes
720,44,Male,8,53.38,Month-to-Month,427.04,No,Yes
885,51,Male,2,66.24,Month-to-Month,132.48,Yes,Yes
420,45,Female,7,58.07,Month-to-Month,406.49,Yes,Yes
889,50,Female,14,41.99,One-Year,587.86,Yes,No
883,40,Female,33,59.42,One-Year,1960.86,Yes,No
26,46,Male,25,35.98,Two-Year,899.4999999999999,Yes,No
196,48,Male,4,84.62,One-Year,338.48,No,Yes
272,30,Male,6,90.05,Month-to-Month,540.3,No,Yes
297,53,Male,16,81.1,One-Year,1297.6,Yes,No
124,30,Female,9,31.29,Month-to-Month,281.61,Yes,Yes
590,36,Male,56,114.09,Two-Year,6389.04,No,Yes
384,39,Female,14,65.29,One-Year,914.06,Yes,No
339,49,Female,24,38.44,Month-to-Month,922.56,Yes,Yes
550,38,Male,8,89.08,Month-to-Month,712.64,Yes,Yes
662,39,Male,39,67.77,One-Year,2643.03,Yes,No
161,35,Female,11,75.03,One-Year,825.33,Yes,Yes
547,50,Male,50,72.8,Month-to-Month,3640.0,Yes,Yes
12,40,Female,19,36.18,One-Year,687.42,Yes,No
125,50,Male,3,98.79,Month-to-Month,296.37,No,Yes
354,43,Female,12,119.96,Month-to-Month,1439.52,No,Yes
503,31,Male,79,45.53,Month-to-Month,3596.87,No,Yes
625,60,Female,7,115.21,Two-Year,806.4699999999999,No,Yes
769,38,Male,20,107.9,One-Year,2158.0,Yes,Yes
667,42,Female,8,32.58,Month-to-Month,260.64,No,Yes
884,55,Female,23,57.52,Two-Year,1322.96,Yes,No
265,42,Male,31,57.58,One-Year,1784.98,Yes,No
343,47,Female,60,56.23,One-Year,3373.8,Yes,No
252,54,Female,10,73.61,One-Year,736.1,Yes,Yes
966,59,Female,14,109.49,Two-Year,1532.86,No,Yes
341,36,Male,67,112.87,Month-to-Month,7562.29,No,Yes
298,48,Male,14,82.14,Month-to-Month,1149.96,No,Yes
39,31,Female,2,110.14,Month-to-Month,220.28,No,Yes
188,44,Male,3,112.92,One-Year,338.76,No,Yes
760,52,Female,69,31.46,One-Year,2170.74,Yes,No
200,33,Female,13,49.01,One-Year,637.13,Yes,No
594,48,Female,36,66.29,One-Year,2386.44,Yes,No
514,35,Male,25,34.75,Two-Year,868.75,Yes,No
67,44,Female,6,92.31,One-Year,553.86,Yes,Yes
701,39,Female,3,60.1,Month-to-Month,180.3,Yes,Yes
172,36,Male,0,90.1,Month-to-Month,0.0,No,Yes
952,48,Female,10,40.84,Two-Year,408.4,No,Yes
146,52,Male,15,77.49,Two-Year,1162.35,Yes,No
608,32,Male,10,52.61,Month-to-Month,526.1,Yes,Yes
238,46,Male,0,56.94,Month-to-Month,0.0,No,Yes
873,31,Female,28,58.34,Month-to-Month,1633.52,Yes,Yes
687,42,Male,24,50.19,One-Year,1204.56,No,Yes
184,49,Male,31,66.17,One-Year,2051.27,Yes,No
790,28,Female,22,35.39,One-Year,778.58,Yes,No
857,36,Female,24,94.09,Two-Year,2258.16,No,Yes
93,37,Female,24,33.51,Month-to-Month,804.24,Yes,Yes
719,41,Female,19,87.74,Month-to-Month,1667.06,Yes,Yes
845,46,Female,9,60.85,One-Year,547.65,No,Yes
410,50,Male,32,109.64,Month-to-Month,3508.48,No,Yes
833,34,Female,60,56.62,Month-to-Month,3397.2,Yes,Yes
700,43,Female,40,69.79,Two-Year,2791.6000000000004,Yes,No
746,37,Female,70,56.05,One-Year,3923.5,Yes,No
496,50,Female,79,36.05,Two-Year,2847.95,Yes,No
746,37,Female,70,56.05,One-Year,3923.5,Yes,No
193,47,Male,17,32.86,One-Year,558.62,Yes,No
24,30,Male,10,99.55,One-Year,995.5,Yes,Yes
27,33,Female,18,98.99,One-Year,1781.82,Yes,No
588,36,Female,1,49.84,Month-to-Month,49.84,No,Yes
16,39,Female,41,89.11,Two-Year,3653.51,Yes,No
358,42,Male,1,45.36,Two-Year,45.36,Yes,Yes
487,38,Male,79,30.97,One-Year,2446.63,Yes,No
860,51,Male,20,31.16,Month-to-Month,623.2,No,Yes
512,44,Male,3,61.28,Two-Year,183.84,No,Yes
928,48,Male,0,102.89,Month-to-Month,0.0,Yes,Yes
286,25,Male,43,105.44,Month-to-Month,4533.92,No,Yes
672,24,Male,16,33.62,One-Year,537.92,Yes,No
200,33,Female,13,49.01,One-Year,637.13,Yes,No
806,41,Female,27,68.38,One-Year,1846.26,No,Yes
570,41,Female,17,61.94,One-Year,1052.98,Yes,No
1000,50,Male,1,56.67,Month-to-Month,56.67,No,Yes
999,39,Male,68,65.67,One-Year,4465.56,No,Yes
393,31,Female,13,35.95,One-Year,467.35,Yes,No
514,35,Male,25,34.75,Two-Year,868.75,Yes,No
481,43,Female,0,103.89,Month-to-Month,0.0,No,Yes
565,57,Female,40,103.32,One-Year,4132.799999999999,Yes,Yes
779,44,Female,18,91.43,Two-Year,1645.7400000000002,Yes,No
103,41,Female,20,52.41,Month-to-Month,1048.1999999999998,Yes,Yes
487,38,Male,79,30.97,One-Year,2446.63,Yes,No
610,59,Male,1,73.56,Month-to-Month,73.56,Yes,Yes
400,57,Male,14,32.71,Two-Year,457.94,No,Yes
223,51,Male,23,36.39,Month-to-Month,836.97,No,Yes
580,56,Female,12,67.73,One-Year,812.76,Yes,No
604,58,Female,0,106.02,Two-Year,0.0,Yes,Yes
703,37,Male,6,77.69,Two-Year,466.14,Yes,Yes
889,50,Female,14,41.99,One-Year,587.86,Yes,No
580,56,Female,12,67.73,One-Year,812.76,Yes,No
853,38,Female,30,95.6,One-Year,2868.0,Yes,No
193,47,Male,17,32.86,One-Year,558.62,Yes,No
551,45,Male,30,117.4,Two-Year,3522.0,Yes,Yes
239,38,Male,26,50.93,One-Year,1324.18,Yes,No
901,48,Male,56,32.31,One-Year,1809.36,Yes,No
671,57,Male,25,57.58,Two-Year,1439.5,No,Yes
307,57,Male,27,46.67,Two-Year,1260.09,Yes,No
643,42,Female,60,45.38,One-Year,2722.8,Yes,No
221,68,Female,0,37.66,One-Year,0.0,No,Yes
265,42,Male,31,57.58,One-Year,1784.98,Yes,No
961,51,Female,23,119.8,Month-to-Month,2755.4,Yes,Yes
12,40,Female,19,36.18,One-Year,687.42,Yes,No
927,39,Male,1,110.81,Month-to-Month,110.81,Yes,Yes
265,42,Male,31,57.58,One-Year,1784.98,Yes,No
365,51,Female,12,75.89,One-Year,910.68,Yes,No
651,63,Male,14,89.55,One-Year,1253.7,Yes,No
79,45,Male,22,103.34,One-Year,2273.48,Yes,Yes
623,63,Male,10,90.4,One-Year,904.0,Yes,Yes
487,38,Male,79,30.97,One-Year,2446.63,Yes,No
663,44,Female,6,34.56,Month-to-Month,207.36,No,Yes
327,56,Female,11,49.64,Month-to-Month,546.04,No,Yes
490,53,Female,5,39.4,Month-to-Month,197.0,No,Yes
87,54,Female,49,32.8,One-Year,1607.1999999999998,Yes,No
970,30,Female,1,69.78,One-Year,69.78,Yes,Yes
901,48,Male,56,32.31,One-Year,1809.36,Yes,No
711,47,Male,47,62.5,One-Year,2937.5,Yes,No
801,54,Female,75,31.23,Two-Year,2342.25,No,Yes
805,40,Female,1,86.82,Month-to-Month,86.82,Yes,Yes
342,47,Male,28,33.61,One-Year,941.08,No,Yes
11,40,Female,1,63.53,Month-to-Month,63.53,Yes,Yes
704,30,Male,41,44.52,One-Year,1825.32,Yes,No
226,55,Female,2,72.22,One-Year,144.44,Yes,Yes
883,40,Female,33,59.42,One-Year,1960.86,Yes,No
906,45,Male,13,47.66,Two-Year,619.5799999999999,Yes,No
672,24,Male,16,33.62,One-Year,537.92,Yes,No
137,37,Female,82,98.11,Month-to-Month,8045.019999999999,No,Yes
843,33,Male,14,89.86,One-Year,1258.04,Yes,No
980,52,Female,34,82.36,Month-to-Month,2800.24,No,Yes
777,37,Male,7,83.48,Month-to-Month,584.36,Yes,Yes
384,39,Female,14,65.29,One-Year,914.06,Yes,No
987,60,Male,38,48.79,Month-to-Month,1854.02,No,Yes
615,69,Male,5,33.53,Two-Year,167.65,Yes,Yes
276,49,Male,47,78.42,One-Year,3685.74,Yes,No
262,44,Male,7,73.91,One-Year,517.37,No,Yes
811,43,Female,25,116.88,Month-to-Month,2922.0,Yes,Yes
373,59,Male,26,32.25,One-Year,838.5,Yes,No
893,55,Female,35,92.41,Two-Year,3234.35,Yes,No
425,51,Male,45,60.9,Month-to-Month,2740.5,No,Yes
46,37,Male,1,82.09,Month-to-Month,82.09,No,Yes
880,56,Female,4,119.6,Two-Year,478.4,Yes,Yes
586,47,Female,38,95.83,Month-to-Month,3641.54,Yes,Yes
829,40,Female,26,101.3,Two-Year,2633.8,No,Yes
284,32,Female,20,74.33,One-Year,1486.6,Yes,No
960,49,Female,3,89.23,Month-to-Month,267.69,Yes,Yes
831,31,Female,22,91.17,One-Year,2005.74,Yes,No
57,36,Male,18,111.71,Month-to-Month,2010.78,Yes,Yes
38,25,Female,23,47.55,One-Year,1093.65,Yes,No
504,50,Male,4,81.12,One-Year,324.48,Yes,Yes
356,34,Male,9,65.81,One-Year,592.29,No,Yes
97,47,Male,11,109.93,One-Year,1209.23,No,Yes
696,41,Male,32,49.0,One-Year,1568.0,Yes,No
261,35,Female,14,54.63,One-Year,764.82,Yes,No
19,35,Male,98,49.59,Two-Year,4859.820000000001,Yes,No
693,34,Male,25,60.37,One-Year,1509.25,Yes,No
943,51,Male,19,93.19,Month-to-Month,1770.61,No,Yes
717,46,Female,7,92.74,One-Year,649.18,No,Yes
909,51,Female,22,39.72,Two-Year,873.8399999999999,No,Yes
877,39,Male,3,69.97,Month-to-Month,209.91,Yes,Yes
593,49,Female,33,86.68,Month-to-Month,2860.44,No,Yes
704,30,Male,41,44.52,One-Year,1825.32,Yes,No
10,50,Female,10,61.55,Month-to-Month,615.5,Yes,Yes
92,54,Male,18,80.16,Month-to-Month,1442.88,No,Yes
289,47,Female,17,66.61,One-Year,1132.37,Yes,No
819,45,Female,4,84.08,Month-to-Month,336.32,Yes,Yes
812,40,Female,0,34.54,Month-to-Month,0.0,Yes,Yes
549,48,Female,17,44.51,Month-to-Month,756.67,No,Yes
165,54,Male,101,54.78,Month-to-Month,5532.78,No,Yes
953,32,Female,40,82.61,Month-to-Month,3304.4,No,Yes
476,42,Female,6,111.22,Month-to-Month,667.3199999999999,No,Yes
417,60,Female,8,93.56,Month-to-Month,748.48,No,Yes
975,40,Male,5,88.39,Month-to-Month,441.95,Yes,Yes
850,39,Female,9,88.48,Two-Year,796.32,No,Yes
609,27,Female,14,105.98,Two-Year,1483.72,Yes,Yes
231,37,Male,4,117.58,One-Year,470.32,Yes,Yes
570,41,Female,17,61.94,One-Year,1052.98,Yes,No
200,33,Female,13,49.01,One-Year,637.13,Yes,No
58,41,Female,41,75.64,Two-Year,3101.24,Yes,No
947,29,Female,15,98.06,One-Year,1470.9,Yes,No
514,35,Male,25,34.75,Two-Year,868.75,Yes,No
942,53,Male,64,98.99,One-Year,6335.36,No,Yes
854,56,Female,12,100.18,Month-to-Month,1202.16,No,Yes
813,59,Male,17,110.13,One-Year,1872.21,No,Yes
53,38,Female,18,58.24,Two-Year,1048.32,Yes,No
310,42,Female,14,46.46,Two-Year,650.44,Yes,No
12,40,Female,19,36.18,One-Year,687.42,Yes,No
422,62,Female,73,37.1,Two-Year,2708.3,Yes,No
179,42,Male,15,105.43,One-Year,1581.45,No,Yes
224,28,Female,25,48.97,Month-to-Month,1224.25,Yes,Yes
487,38,Male,79,30.97,One-Year,2446.63,Yes,No
365,51,Female,12,75.89,One-Year,910.68,Yes,No
290,38,Male,19,59.54,Two-Year,1131.26,Yes,No
776,29,Female,18,90.88,One-Year,1635.84,Yes,No
955,44,Male,15,64.01,Month-to-Month,960.15,No,Yes
831,31,Female,22,91.17,One-Year,2005.74,Yes,No
658,44,Female,12,42.19,One-Year,506.28,Yes,No
925,56,Female,14,57.7,Month-to-Month,807.8000000000001,No,Yes
884,55,Female,23,57.52,Two-Year,1322.96,Yes,No
371,45,Male,2,105.53,Month-to-Month,211.06,No,Yes
903,45,Female,2,69.87,Month-to-Month,139.74,No,Yes
9,40,Female,53,49.81,Two-Year,2639.9300000000003,Yes,No
891,53,Female,8,41.55,One-Year,332.4,No,Yes
71,48,Female,2,59.21,Month-to-Month,118.42,Yes,Yes
912,47,Female,27,78.72,Month-to-Month,2125.44,Yes,Yes
496,50,Female,79,36.05,Two-Year,2847.95,Yes,No
242,43,Female,3,61.98,One-Year,185.94,No,Yes
633,43,Female,28,91.92,One-Year,2573.76,Yes,No
766,37,Female,1,48.93,Two-Year,48.93,Yes,Yes
12,40,Female,19,36.18,One-Year,687.42,Yes,No
875,44,Female,21,45.92,Month-to-Month,964.32,Yes,Yes
780,51,Female,40,81.78,One-Year,3271.2,Yes,No
883,40,Female,33,59.42,One-Year,1960.86,Yes,No
500,31,Male,18,89.28,Month-to-Month,1607.04,No,Yes
957,48,Female,18,60.54,One-Year,1089.72,Yes,No
12,40,Female,19,36.18,One-Year,687.42,Yes,No
770,63,Female,6,39.26,Month-to-Month,235.56,No,Yes
230,51,Male,6,43.25,Month-to-Month,259.5,No,Yes
984,44,Male,31,65.26,Month-to-Month,2023.06,Yes,Yes
711,47,Male,47,62.5,One-Year,2937.5,Yes,No
300,51,Female,29,88.03,One-Year,2552.87,Yes,No
554,47,Female,8,36.16,Month-to-Month,289.28,Yes,Yes
577,47,Female,44,44.11,Month-to-Month,1940.84,Yes,Yes
760,52,Female,69,31.46,One-Year,2170.74,Yes,No
168,63,Female,16,83.94,Month-to-Month,1343.04,Yes,Yes
402,39,Male,7,90.11,One-Year,630.77,Yes,Yes
932,63,Female,8,87.69,Two-Year,701.52,No,Yes
557,40,Female,4,85.15,One-Year,340.6,No,Yes
441,48,Male,94,89.57,One-Year,8419.58,No,Yes
733,49,Male,22,96.42,One-Year,2121.24,No,Yes
658,44,Female,12,42.19,One-Year,506.28,Yes,No
843,33,Male,14,89.86,One-Year,1258.04,Yes,No
357,44,Male,9,104.48,Month-to-Month,940.32,Yes,Yes
283,60,Female,8,96.75,Two-Year,774.0,No,Yes
395,56,Male,15,104.42,Month-to-Month,1566.3,No,Yes
163,56,Male,13,92.74,Month-to-Month,1205.62,No,Yes
935,49,Female,14,93.16,One-Year,1304.24,Yes,No
393,31,Female,13,35.95,One-Year,467.35,Yes,No
384,39,Female,14,65.29,One-Year,914.06,Yes,No
694,51,Female,39,108.36,One-Year,4226.04,No,Yes
531,51,Male,26,72.0,One-Year,1872.0,Yes,No
193,47,Male,17,32.86,One-Year,558.62,Yes,No
458,34,Male,8,92.2,One-Year,737.6,No,Yes
240,53,Male,35,41.67,One-Year,1458.45,Yes,No
583,51,Male,17,80.13,Month-to-Month,1362.21,No,Yes
487,38,Male,79,30.97,One-Year,2446.63,Yes,No
851,38,Male,45,39.31,One-Year,1768.95,No,Yes
239,38,Male,26,50.93,One-Year,1324.18,Yes,No
322,50,Female,6,106.06,Two-Year,636.36,Yes,Yes
785,50,Male,26,92.31,Month-to-Month,2400.06,Yes,Yes
377,53,Female,24,95.21,One-Year,2285.04,Yes,No
113,45,Female,88,51.73,Month-to-Month,4552.24,Yes,Yes
280,41,Male,20,63.43,Month-to-Month,1268.6,No,Yes
49,48,Female,56,72.65,One-Year,4068.400000000001,No,Yes
622,49,Female,37,61.12,Month-to-Month,2261.44,No,Yes
245,32,Female,21,48.95,Month-to-Month,1027.95,Yes,Yes
900,36,Male,14,46.8,One-Year,655.1999999999999,Yes,No
377,53,Female,24,95.21,One-Year,2285.04,Yes,No
344,39,Female,24,48.68,Two-Year,1168.32,Yes,No
289,47,Female,17,66.61,One-Year,1132.37,Yes,No
570,41,Female,17,61.94,One-Year,1052.98,Yes,No
884,55,Female,23,57.52,Two-Year,1322.96,Yes,No
362,60,Male,37,75.95,One-Year,2810.15,No,Yes
326,32,Male,44,49.85,One-Year,2193.4,No,Yes
784,51,Female,57,50.36,Month-to-Month,2870.52,No,Yes
519,45,Male,16,52.76,One-Year,844.16,Yes,No
431,33,Female,1,35.56,Two-Year,35.56,Yes,Yes
776,29,Female,18,90.88,One-Year,1635.84,Yes,No
368,45,Female,22,33.14,Two-Year,729.08,No,Yes
749,38,Female,26,67.01,One-Year,1742.2600000000002,No,Yes
290,38,Male,19,59.54,Two-Year,1131.26,Yes,No
117,44,Male,13,32.02,One-Year,416.2600000000001,No,Yes
294,53,Female,25,47.68,One-Year,1192.0,No,Yes
310,42,Female,14,46.46,Two-Year,650.44,Yes,No
253,66,Male,10,57.22,One-Year,572.2,Yes,Yes
214,51,Female,44,35.62,Two-Year,1567.28,Yes,No
68,55,Female,13,53.77,One-Year,699.01,Yes,No
279,45,Male,5,110.06,One-Year,550.3,Yes,Yes
996,42,Male,41,37.14,Month-to-Month,1522.74,Yes,Yes
496,50,Female,79,36.05,Two-Year,2847.95,Yes,No
692,56,Female,14,70.51,One-Year,987.14,No,Yes
343,47,Female,60,56.23,One-Year,3373.8,Yes,No
291,42,Female,1,70.86,Month-to-Month,70.86,Yes,Yes
893,55,Female,35,92.41,Two-Year,3234.35,Yes,No
802,39,Female,2,37.34,Month-to-Month,74.68,No,Yes
343,47,Female,60,56.23,One-Year,3373.8,Yes,No
187,49,Female,57,54.93,One-Year,3131.01,Yes,No
535,38,Female,13,64.29,One-Year,835.7700000000001,No,Yes
514,35,Male,25,34.75,Two-Year,868.75,Yes,No
361,50,Female,34,60.64,Two-Year,2061.76,Yes,No
967,38,Female,10,67.33,One-Year,673.3,Yes,Yes
411,52,Female,2,96.52,One-Year,193.04,No,Yes
211,50,Female,38,117.6,One-Year,4468.8,No,Yes
606,63,Male,29,64.11,Month-to-Month,1859.19,Yes,Yes
828,39,Male,12,111.02,Month-to-Month,1332.24,No,Yes
9,40,Female,53,49.81,Two-Year,2639.9300000000003,Yes,No
780,51,Female,40,81.78,One-Year,3271.2,Yes,No
323,36,Female,36,101.63,Month-to-Month,3658.68,Yes,Yes
434,52,Female,13,83.57,Month-to-Month,1086.41,No,Yes
545,20,Male,9,77.84,Two-Year,700.5600000000001,No,Yes
889,50,Female,14,41.99,One-Year,587.86,Yes,No
926,29,Female,3,85.23,Month-to-Month,255.69,No,Yes
684,49,Female,70,68.35,Month-to-Month,4784.5,Yes,Yes
109,47,Female,22,97.34,Two-Year,2141.48,Yes,No
808,40,Female,11,45.72,Month-to-Month,502.92,No,Yes
544,59,Male,9,91.55,Month-to-Month,823.9499999999999,No,Yes
962,58,Male,4,70.66,One-Year,282.64,Yes,Yes
250,49,Female,13,43.94,Two-Year,571.22,Yes,No
908,52,Male,39,116.71,One-Year,4551.69,Yes,Yes
759,36,Female,21,100.16,Month-to-Month,2103.36,No,Yes
170,37,Male,4,93.46,Month-to-Month,373.84,Yes,Yes
510,36,Female,75,117.28,One-Year,8796.0,No,Yes
475,61,Male,1,79.2,Month-to-Month,79.2,Yes,Yes
482,35,Male,3,80.99,Month-to-Month,242.97,Yes,Yes
209,50,Male,4,110.76,Month-to-Month,443.04,Yes,Yes
62,43,Male,1,64.45,One-Year,64.45,No,Yes
438,31,Male,63,75.14,Two-Year,4733.82,Yes,No
466,42,Female,0,96.14,Two-Year,0.0,No,Yes
19,35,Male,98,49.59,Two-Year,4859.820000000001,Yes,No
157,63,Female,16,90.98,Two-Year,1455.68,Yes,No
156,37,Female,67,90.73,One-Year,6078.91,No,Yes
284,32,Female,20,74.33,One-Year,1486.6,Yes,No
243,50,Male,28,90.66,Month-to-Month,2538.48,Yes,Yes
508,36,Male,64,118.52,Month-to-Month,7585.28,No,Yes
333,45,Male,13,101.33,One-Year,1317.29,Yes,Yes
192,53,Female,39,34.68,Month-to-Month,1352.52,Yes,Yes
669,18,Female,38,31.02,Month-to-Month,1178.76,Yes,Yes
757,49,Male,6,104.09,Month-to-Month,624.54,No,Yes
918,46,Female,23,51.04,One-Year,1173.92,Yes,No
601,52,Female,15,43.18,Month-to-Month,647.7,No,Yes
25,39,Male,47,79.36,One-Year,3729.92,Yes,No
707,32,Female,5,98.41,Two-Year,492.05,No,Yes
964,52,Male,45,66.06,Two-Year,2972.7000000000003,Yes,No
571,45,Male,14,67.19,Month-to-Month,940.66,No,Yes
514,35,Male,25,34.75,Two-Year,868.75,Yes,No
12,40,Female,19,36.18,One-Year,687.42,Yes,No
580,56,Female,12,67.73,One-Year,812.76,Yes,No
251,32,Female,1,37.45,Month-to-Month,37.45,Yes,Yes
964,52,Male,45,66.06,Two-Year,2972.7000000000003,Yes,No
956,56,Female,2,35.58,Two-Year,71.16,No,Yes
30,42,Male,62,97.66,Two-Year,6054.92,Yes,No
937,34,Female,5,62.28,One-Year,311.4,Yes,Yes
702,55,Male,7,65.51,Month-to-Month,458.5700000000001,No,Yes
290,38,Male,19,59.54,Two-Year,1131.26,Yes,No
853,38,Female,30,95.6,One-Year,2868.0,Yes,No
239,38,Male,26,50.93,One-Year,1324.18,Yes,No
940,39,Female,5,58.42,Month-to-Month,292.1,No,Yes
8,52,Female,6,58.9,One-Year,353.4,No,Yes
950,47,Female,3,114.13,One-Year,342.39,Yes,Yes
21,59,Female,6,73.56,One-Year,441.36,No,Yes
651,63,Male,14,89.55,One-Year,1253.7,Yes,No
375,66,Male,20,51.37,Month-to-Month,1027.4,No,Yes
520,52,Female,29,81.99,Two-Year,2377.71,Yes,No
428,51,Male,12,46.72,Month-to-Month,560.64,Yes,Yes
760,52,Female,69,31.46,One-Year,2170.74,Yes,No
240,53,Male,35,41.67,One-Year,1458.45,Yes,No
273,56,Female,32,99.93,Month-to-Month,3197.76,No,Yes
256,40,Female,2,42.34,Month-to-Month,84.68,Yes,Yes
20,30,Female,2,89.55,Month-to-Month,179.1,No,Yes
917,51,Male,3,78.99,Month-to-Month,236.97,Yes,Yes
422,62,Female,73,37.1,Two-Year,2708.3,Yes,No
325,34,Male,31,90.55,Two-Year,2807.05,Yes,No
695,50,Female,3,37.52,Two-Year,112.56,No,Yes
359,48,Male,29,32.74,Month-to-Month,949.46,Yes,Yes
740,55,Male,6,118.96,Month-to-Month,713.76,No,Yes
112,44,Female,4,119.79,Month-to-Month,479.16,Yes,Yes
746,37,Female,70,56.05,One-Year,3923.5,Yes,No
603,53,Male,11,78.63,Month-to-Month,864.93,No,Yes
739,61,Female,6,44.06,Month-to-Month,264.36,Yes,Yes
260,52,Male,62,86.16,One-Year,5341.92,No,Yes
110,44,Male,18,102.6,One-Year,1846.8,No,Yes
698,32,Male,10,34.62,One-Year,346.2,Yes,Yes
439,27,Male,57,52.2,Month-to-Month,2975.4,Yes,Yes
790,28,Female,22,35.39,One-Year,778.58,Yes,No
665,37,Male,4,81.66,One-Year,326.64,Yes,Yes
491,44,Female,64,81.92,Two-Year,5242.88,No,Yes
580,56,Female,12,67.73,One-Year,812.76,Yes,No
534,32,Male,0,49.91,One-Year,0.0,Yes,Yes
919,40,Female,5,87.4,Month-to-Month,437.0,No,Yes
666,46,Male,8,65.36,Month-to-Month,522.88,No,Yes
136,60,Female,35,119.16,One-Year,4170.599999999999,No,Yes
388,63,Female,9,51.32,Month-to-Month,461.88,Yes,Yes
150,47,Male,7,88.46,Two-Year,619.2199999999999,Yes,Yes
99,45,Male,44,111.09,Two-Year,4887.96,No,Yes
853,38,Female,30,95.6,One-Year,2868.0,Yes,No
9,40,Female,53,49.81,Two-Year,2639.9300000000003,Yes,No
139,53,Male,64,93.67,Month-to-Month,5994.88,No,Yes
16,39,Female,41,89.11,Two-Year,3653.51,Yes,No
741,26,Male,11,117.96,One-Year,1297.56,No,Yes
258,37,Female,59,75.5,Two-Year,4454.5,Yes,No
63,33,Male,15,103.96,One-Year,1559.4,No,Yes
377,53,Female,24,95.21,One-Year,2285.04,Yes,No
152,48,Female,4,94.36,One-Year,377.44,Yes,Yes
35,53,Female,5,85.84,Month-to-Month,429.2000000000001,Yes,Yes
9,40,Female,53,49.81,Two-Year,2639.9300000000003,Yes,No
548,42,Female,60,66.7,Month-to-Month,4002.0,Yes,Yes
366,40,Female,42,75.11,One-Year,3154.62,Yes,No
602,35,Male,6,104.96,Month-to-Month,629.76,Yes,Yes
711,47,Male,47,62.5,One-Year,2937.5,Yes,No
901,48,Male,56,32.31,One-Year,1809.36,Yes,No
403,45,Female,29,113.99,Month-to-Month,3305.71,No,Yes
641,41,Male,30,67.55,Two-Year,2026.5,Yes,No
408,43,Female,0,106.33,One-Year,0.0,Yes,Yes
941,32,Female,4,35.12,One-Year,140.48,Yes,Yes
59,48,Female,25,46.91,One-Year,1172.75,No,Yes
587,40,Female,4,116.23,Two-Year,464.92,Yes,Yes
325,34,Male,31,90.55,Two-Year,2807.05,Yes,No
620,47,Female,21,65.56,Two-Year,1376.76,Yes,No
670,55,Female,24,100.86,Month-to-Month,2420.64,No,Yes
385,37,Male,6,97.57,Month-to-Month,585.42,Yes,Yes
483,28,Male,11,89.13,Month-to-Month,980.43,No,Yes
316,45,Female,0,42.87,Month-to-Month,0.0,No,Yes
881,70,Male,21,82.44,Two-Year,1731.24,No,Yes
154,47,Female,8,34.8,One-Year,278.4,Yes,Yes
16,39,Female,41,89.11,Two-Year,3653.51,Yes,No
789,44,Female,24,49.68,Month-to-Month,1192.32,Yes,Yes
295,48,Female,34,115.63,One-Year,3931.42,Yes,Yes
711,47,Male,47,62.5,One-Year,2937.5,Yes,No
834,37,Male,36,30.1,Two-Year,1083.6,No,Yes
723,31,Male,1,56.76,One-Year,56.76,Yes,Yes
201,48,Female,17,107.67,Month-to-Month,1830.39,Yes,Yes
906,45,Male,13,47.66,Two-Year,619.5799999999999,Yes,No
391,36,Female,2,113.62,Month-to-Month,227.24,Yes,Yes
633,43,Female,28,91.92,One-Year,2573.76,Yes,No
866,41,Female,0,37.66,Month-to-Month,0.0,Yes,Yes
711,47,Male,47,62.5,One-Year,2937.5,Yes,No
746,37,Female,70,56.05,One-Year,3923.5,Yes,No
613,47,Male,7,81.57,One-Year,570.99,No,Yes
190,29,Male,79,83.36,One-Year,6585.44,No,Yes
383,23,Male,2,102.13,One-Year,204.26,No,Yes
963,46,Male,9,61.93,Month-to-Month,557.37,No,Yes
958,49,Female,2,75.53,Month-to-Month,151.06,No,Yes
3,51,Female,2,63.79,Month-to-Month,127.58,No,Yes
725,46,Female,6,67.02,One-Year,402.12,Yes,Yes
742,32,Male,78,101.44,Two-Year,7912.32,No,Yes
981,52,Female,37,66.13,Month-to-Month,2446.81,Yes,Yes
80,25,Female,6,100.02,Month-to-Month,600.12,No,Yes
421,65,Male,20,60.6,One-Year,1212.0,Yes,No
236,51,Female,35,101.85,Month-to-Month,3564.75,No,Yes
77,45,Female,23,53.82,Month-to-Month,1237.86,No,Yes
207,50,Male,17,119.75,Month-to-Month,2035.75,Yes,Yes
978,20,Female,15,72.97,One-Year,1094.55,Yes,No
624,58,Male,7,102.49,Month-to-Month,717.43,Yes,Yes
532,28,Female,2,73.39,Month-to-Month,146.78,Yes,Yes
